{"C1": {"children": {"C2": {"children": {"C3": {"children": {"C3.L": {"children": {}, "tail": {"z": -8.940958023071289, "y": -31.070322036743164, "x": 17.80636978149414}, "head": {"z": -1.2207448482513428, "y": -24.907207489013672, "x": 5.329070518200751e-13}}, "C3.R": {"children": {}, "tail": {"z": -8.940958023071289, "y": -31.070322036743164, "x": -17.80636978149414}, "head": {"z": -1.2207448482513428, "y": -24.907207489013672, "x": 5.329070518200751e-13}}, "C4": {"children": {"C4.R": {"children": {}, "tail": {"z": -7.4248127937316895, "y": -44.77885055541992, "x": -17.702428817749023}, "head": {"z": -0.6886422634124756, "y": -37.15357971191406, "x": 5.329070518200751e-13}}, "C5": {"children": {"C5.R": {"children": {}, "tail": {"z": -4.513966083526611, "y": -55.75380325317383, "x": -17.910306930541992}, "head": {"z": -0.37643909454345703, "y": -47.61381149291992, "x": 5.329070518200751e-13}}, "C5.L": {"children": {}, "tail": {"z": -4.513966083526611, "y": -55.75380325317383, "x": 17.910306930541992}, "head": {"z": -0.37643909454345703, "y": -47.61381149291992, "x": 5.329070518200751e-13}}, "C6": {"children": {"C6.R": {"children": {}, "tail": {"z": -0.29543524980545044, "y": -69.40692901611328, "x": -19.417804718017578}, "head": {"z": 0.15350580215454102, "y": -59.342529296875, "x": 1.4210854715202004e-12}}, "C7": {"children": {"C7.L": {"children": {}, "tail": {"z": 0.0009624287486076355, "y": -83.9240951538086, "x": 19.833189010620117}, "head": {"z": 4.630124568939209, "y": -71.803955078125, "x": 1.7763568394002505e-12}}, "C7.R": {"children": {}, "tail": {"z": 0.0009626150131225586, "y": -83.9240951538086, "x": -19.833189010620117}, "head": {"z": 4.630124568939209, "y": -71.803955078125, "x": 1.7763568394002505e-12}}, "T1": {"children": {"T1.L": {"children": {}, "tail": {"z": 3.4959423542022705, "y": -93.56795501708984, "x": 15.000000953674316}, "head": {"z": 7.984805107116699, "y": -83.7239761352539, "x": 1.7763568394002505e-12}}, "T1.R": {"children": {}, "tail": {"z": 3.4959421157836914, "y": -93.56794738769531, "x": -15.000000953674316}, "head": {"z": 7.984805107116699, "y": -83.7239761352539, "x": 1.7763568394002505e-12}}, "T2": {"children": {"T3": {"children": {"T4": {"children": {"T4.R": {"children": {}, "tail": {"z": 28.456926345825195, "y": -147.34458923339844, "x": -15.000000953674316}, "head": {"z": 26.577007293701172, "y": -134.1735382080078, "x": 7.105427357601002e-13}}, "T5": {"children": {"T5.L": {"children": {}, "tail": {"z": 34.87923812866211, "y": -167.8667755126953, "x": 15.000000953674316}, "head": {"z": 33.00141143798828, "y": -154.58526611328125, "x": 1.4210854715202004e-12}}, "T6": {"children": {"T6.R": {"children": {}, "tail": {"z": 42.780433654785156, "y": -190.46200561523438, "x": -15.000000953674316}, "head": {"z": 39.93016052246094, "y": -174.6326446533203, "x": 0.0}}, "T6.L": {"children": {}, "tail": {"z": 42.780433654785156, "y": -190.46200561523438, "x": 15.000000953674316}, "head": {"z": 39.93016052246094, "y": -174.6326446533203, "x": 0.0}}, "T7": {"children": {"T8": {"children": {"T8.R": {"children": {}, "tail": {"z": 50.294952392578125, "y": -235.09153747558594, "x": -15.000000953674316}, "head": {"z": 49.99601364135742, "y": -222.0215301513672, "x": 0.0}}, "T9": {"children": {"T10": {"children": {"T10.R": {"children": {}, "tail": {"z": 39.578948974609375, "y": -289.3894958496094, "x": -15.000000953674316}, "head": {"z": 46.32316970825195, "y": -274.4725341796875, "x": 0.0}}, "T10.L": {"children": {}, "tail": {"z": 39.578948974609375, "y": -289.3894958496094, "x": 15.000000953674316}, "head": {"z": 46.32316970825195, "y": -274.4725341796875, "x": 0.0}}, "T11": {"children": {"T11.L": {"children": {}, "tail": {"z": 31.13137435913086, "y": -315.12640380859375, "x": 15.000000953674316}, "head": {"z": 39.158016204833984, "y": -298.6371154785156, "x": 1.4210854715202004e-12}}, "T11.R": {"children": {}, "tail": {"z": 31.13137435913086, "y": -315.12640380859375, "x": -15.000000953674316}, "head": {"z": 39.158016204833984, "y": -298.6371154785156, "x": 1.4210854715202004e-12}}, "T12": {"children": {"T12.R": {"children": {}, "tail": {"z": 21.16628646850586, "y": -339.87176513671875, "x": -15.000000953674316}, "head": {"z": 29.959415435791016, "y": -326.64190673828125, "x": 1.4210854715202004e-12}}, "L1": {"children": {"L1.L": {"children": {}, "tail": {"z": 11.104155540466309, "y": -366.8575439453125, "x": 15.000000953674316}, "head": {"z": 19.847620010375977, "y": -353.0189514160156, "x": 1.4210854715202004e-12}}, "L1.R": {"children": {}, "tail": {"z": 11.104155540466309, "y": -366.8575439453125, "x": -15.000000953674316}, "head": {"z": 19.847620010375977, "y": -353.0189514160156, "x": 1.4210854715202004e-12}}, "L2": {"children": {"L3": {"children": {"L3.R": {"children": {}, "tail": {"z": 4.857323169708252, "y": -421.4587707519531, "x": -15.000000953674316}, "head": {"z": 7.158470153808594, "y": -405.39642333984375, "x": 0.0}}, "L3.L": {"children": {}, "tail": {"z": 4.857323169708252, "y": -421.4587707519531, "x": 15.000000953674316}, "head": {"z": 7.158470153808594, "y": -405.39642333984375, "x": 0.0}}, "L4": {"children": {"L4.R": {"children": {}, "tail": {"z": 8.996152877807617, "y": -445.25823974609375, "x": -15.000000953674316}, "head": {"z": 9.548425674438477, "y": -431.07293701171875, "x": 0.0}}, "L4.L": {"children": {}, "tail": {"z": 8.996152877807617, "y": -445.25823974609375, "x": 15.000000953674316}, "head": {"z": 9.548425674438477, "y": -431.07293701171875, "x": 0.0}}, "L5": {"children": {"Sacrum": {"children": {}, "tail": {"z": 22.73352813720703, "y": -479.0126953125, "x": 0.0}, "head": {"z": 16.40747833251953, "y": -456.91204833984375, "x": 0.0}}, "L5.R": {"children": {}, "tail": {"z": 16.407480239868164, "y": -469.7674255371094, "x": -15.000000953674316}, "head": {"z": 16.40747833251953, "y": -456.91204833984375, "x": 0.0}}, "L5.L": {"children": {}, "tail": {"z": 16.407480239868164, "y": -469.7674255371094, "x": 15.000000953674316}, "head": {"z": 16.40747833251953, "y": -456.91204833984375, "x": 0.0}}}, "tail": {"z": 16.40747833251953, "y": -456.91204833984375, "x": 0.0}, "head": {"z": 9.548425674438477, "y": -431.07293701171875, "x": 0.0}}}, "tail": {"z": 9.548425674438477, "y": -431.07293701171875, "x": 0.0}, "head": {"z": 7.158470153808594, "y": -405.39642333984375, "x": 0.0}}}, "tail": {"z": 7.158470153808594, "y": -405.39642333984375, "x": 0.0}, "head": {"z": 10.918169975280762, "y": -376.9940490722656, "x": 0.0}}, "L2.R": {"children": {}, "tail": {"z": 4.798514366149902, "y": -392.4469299316406, "x": -15.000000953674316}, "head": {"z": 10.918169975280762, "y": -376.9940490722656, "x": 0.0}}, "L2.L": {"children": {}, "tail": {"z": 4.798514366149902, "y": -392.4469299316406, "x": 15.000000953674316}, "head": {"z": 10.918169975280762, "y": -376.9940490722656, "x": 0.0}}}, "tail": {"z": 10.918169975280762, "y": -376.9940490722656, "x": 0.0}, "head": {"z": 19.847620010375977, "y": -353.0189514160156, "x": 1.4210854715202004e-12}}}, "tail": {"z": 19.847620010375977, "y": -353.0189514160156, "x": 1.4210854715202004e-12}, "head": {"z": 29.959415435791016, "y": -326.64190673828125, "x": 1.4210854715202004e-12}}, "T12.L": {"children": {}, "tail": {"z": 21.16628646850586, "y": -339.87176513671875, "x": 15.000000953674316}, "head": {"z": 29.959415435791016, "y": -326.64190673828125, "x": 1.4210854715202004e-12}}}, "tail": {"z": 29.959415435791016, "y": -326.64190673828125, "x": 1.4210854715202004e-12}, "head": {"z": 39.158016204833984, "y": -298.6371154785156, "x": 1.4210854715202004e-12}}}, "tail": {"z": 39.158016204833984, "y": -298.6371154785156, "x": 1.4210854715202004e-12}, "head": {"z": 46.32316970825195, "y": -274.4725341796875, "x": 0.0}}}, "tail": {"z": 46.32316970825195, "y": -274.4725341796875, "x": 0.0}, "head": {"z": 49.46211624145508, "y": -247.84527587890625, "x": 0.0}}, "T9.R": {"children": {}, "tail": {"z": 45.52479553222656, "y": -262.9840087890625, "x": -15.000000953674316},