{"C1": {"head": {"x": 2.3334918441975105e-09, "y": 0.1633530855178833, "z": -0.8595497608184814}, "tail": {"x": 2.3334918441975105e-09, "y": -7.379802227020264, "z": -1.3668906688690186}, "children": {"C2": {"head": {"x": 2.3334918441975105e-09, "y": -7.379802227020264, "z": -1.3668906688690186}, "tail": {"x": -5.353710808009282e-10, "y": -15.086687088012695, "z": -2.2442240715026855}, "children": {"C3": {"head": {"x": 5.353710808009282e-10, "y": -15.086687088012695, "z": -2.2442240715026855}, "tail": {"x": 1.2331578425062162e-08, "y": -28.138761520385742, "z": -2.4664623737335205}, "children": {"C4": {"head": {"x": -1.2331578425062162e-08, "y": -28.138761520385742, "z": -2.4664623737335205}, "tail": {"x": 7.052331341128593e-08, "y": -41.578956604003906, "z": -2.755910873413086}, "children": {"C5": {"head": {"x": -7.052331341128593e-08, "y": -41.578956604003906, "z": -2.755910873413086}, "tail": {"x": -0.0, "y": -51.33702087402344, "z": -2.095134735107422}, "children": {"C6": {"head": {"x": 0.0, "y": -51.33702087402344, "z": -2.095134735107422}, "tail": {"x": -0.0, "y": -65.30413818359375, "z": -0.10431784391403198}, "children": {"C7": {"head": {"x": 0.0, "y": -65.30413818359375, "z": -0.10431784391403198}, "tail": {"x": -0.0, "y": -78.40821075439453, "z": 3.912766933441162}, "children": {"T1": {"head": {"x": 0.0, "y": -78.40821075439453, "z": 3.912766933441162}, "tail": {"x": -0.0, "y": -88.89746856689453, "z": 7.937346935272217}, "children": {"T2": {"head": {"x": 0.0, "y": -88.89746856689453, "z": 7.937346935272217}, "tail": {"x": 1.557372009131086e-08, "y": -107.28492736816406, "z": 14.7086763381958}, "children": {"T3": {"head": {"x": -1.557372009131086e-08, "y": -107.28492736816406, "z": 14.7086763381958}, "tail": {"x": -7.26735738254547e-09, "y": -124.64218139648438, "z": 21.285717010498047}, "children": {"T4": {"head": {"x": 7.26735738254547e-09, "y": -124.64218139648438, "z": 21.285717010498047}, "tail": {"x": 2.3776493662808207e-08, "y": -142.90603637695312, "z": 28.061574935913086}, "children": {"T5": {"head": {"x": -2.3776493662808207e-08, "y": -142.90603637695312, "z": 28.061574935913086}, "tail": {"x": 3.631006961768435e-08, "y": -163.31776428222656, "z": 35.54638671875}, "children": {"T6": {"head": {"x": -3.631006961768435e-08, "y": -163.31776428222656, "z": 35.54638671875}, "tail": {"x": -0.0, "y": -185.14662170410156, "z": 43.49312210083008}, "children": {"T7": {"head": {"x": 0.0, "y": -185.14662170410156, "z": 43.49312210083008}, "tail": {"x": -0.0, "y": -208.51429748535156, "z": 48.430397033691406}, "children": {"T8": {"head": {"x": 0.0, "y": -208.51429748535156, "z": 48.430397033691406}, "tail": {"x": -0.0, "y": -234.1897430419922, "z": 50.5050048828125}, "children": {"T9": {"head": {"x": 0.0, "y": -234.1897430419922, "z": 50.5050048828125}, "tail": {"x": -0.0, "y": -262.34637451171875, "z": 48.28391647338867}, "children": {"T10": {"head": {"x": 0.0, "y": -262.34637451171875, "z": 48.28391647338867}, "tail": {"x": 6.369315030951839e-08, "y": -285.24102783203125, "z": 43.52370071411133}, "children": {"T11": {"head": {"x": -6.369315030951839e-08, "y": -285.24102783203125, "z": 43.52370071411133}, "tail": {"x": 8.91264022584437e-08, "y": -310.8053283691406, "z": 35.21330642700195}, "children": {"T12": {"head": {"x": -8.91264022584437e-08, "y": -310.8053283691406, "z": 35.21330642700195}, "tail": {"x": 4.6153280663929763e-07, "y": -337.91937255859375, "z": 24.614971160888672}, "children": {"L1": {"head": {"x": -4.6153280663929763e-07, "y": -337.91937255859375, "z": 24.614971160888672}, "tail": {"x": -5.475913553709688e-07, "y": -362.6421813964844, "z": 15.648414611816406}, "children": {"L2": {"head": {"x": 5.475913553709688e-07, "y": -362.6421813964844, "z": 15.648414611816406}, "tail": {"x": -6.139676429484098e-07, "y": -389.7984924316406, "z": 6.209969520568848}, "children": {"L3": {"head": {"x": 6.139676429484098e-07, "y": -389.7984924316406, "z": 6.209969520568848}, "tail": {"x": -3.3187438930326607e-07, "y": -418.7098693847656, "z": 4.613496780395508}, "children": {"L4": {"head": {"x": 3.3187438930326607e-07, "y": -418.7098693847656, "z": 4.613496780395508}, "tail": {"x": -2.1571835873146483e-07, "y": -444.13189697265625, "z": 7.894193172454834}, "children": {"L5": {"head": {"x": 2.1571835873146483e-07, "y": -444.13189697265625, "z": 7.894193172454834}, "tail": {"x": -2.9868695605728135e-07, "y": -468.9530029296875, "z": 14.117002487182617}, "children": {"Sacrum": {"head": {"x": 2.9868695605728135e-07, "y": -468.9530029296875, "z": 14.117002487182617}, "tail": {"x": 0.0, "y": -495.02581787109375, "z": 25.457042694091797}, "children": {}}, "L5.L": {"head": {"x": 2.9868695605728135e-07, "y": -468.9530029296875, "z": 14.117002487182617}, "tail": {"x": 25.498016357421875, "y": -472.3495788574219, "z": 10.20742416381836}, "children": {}}, "L5.R": {"head": {"x": -2.9868695605728135e-07, "y": -468.9530029296875, "z": 14.117002487182617}, "tail": {"x": -25.498016357421875, "y": -472.3495788574219, "z": 10.20742416381836}, "children": {}}}}, "L4.L": {"head": {"x": 2.1571835873146483e-07, "y": -444.13189697265625, "z": 7.894193172454834}, "tail": {"x": 26.987232208251953, "y": -447.7343444824219, "z": 6.289650917053223}, "children": {}}, "L4.R": {"head": {"x": -2.1571835873146483e-07, "y": -444.13189697265625, "z": 7.894193172454834}, "tail": {"x": -26.987232208251953, "y": -447.7343444824219, "z": 6.289650917053223}, "children": {}}}}, "L3.L": {"head": {"x": 3.3187438930326607e-07, "y": -418.7098693847656, "z": 4.613496780395508}, "tail": {"x": 25.81328010559082, "y": -420.36236572265625, "z": 1.3704726696014404}, "children": {}}, "L3.R": {"head": {"x": -3.3187438930326607e-07, "y": -418.7098693847656, "z": 4.613496780395508}, "tail": {"x": -25.81328010559082, "y": -420.36236572265625, "z": 1.3704726696014404}, "children": {}}}}, "L2.L": {"head": {"x": 6.139676429484098e-07, "y": -389.7984924316406, "z": 6.209969520568848}, "tail": {"x": 23.846628189086914, "y": -390.70233154296875, "z": 4.311390399932861}, "children": {}}, "L2.R": {"head": {"x": -6.139676429484098e-07, "y": -389.7984924316406, "z": 6.209969520568848}, "tail": {"x": -23.846628189086914, "y": -390.70233154296875, "z": 4.311390399932861}, "children": {}}}}, "L1.L": {"head": {"x": 5.475913553709688e-07, "y": -362.6421813964844, "z": 15.648414611816406}, "tail": {"x": 23.84627342224121, "y": -363.9535217285156, "z": 11.91546630859375}, "children": {}}, "L1.R": {"head": {"x": -5.475913553709688e-07, "y": -362.6421813964844, "z": 15.648414611816406}, "tail": {"x": -23.84627342224121, "y": -363.9535217285156, "z": 11.91546630859375}, "children": {}}}}, "T12.L": {"head": {"x": -4.6153280663929763e-07, "y": -337.91937255859375, "z": 24.614971160888672}, "tail": {"x": 24.762554168701172, "y": -340.8563232421875, "z": 22.39366340637207}, "children": {}}, "T12.R": {"head": {"x": 4.6153280663929763e-07, "y": -337.91937255859375, "z": 24.614971160888672}, "tail": {"x": -24.762554168701172, "y": -340.8563232421875, "z": 22.39366340637207}, "children": {}}}}, "T11.L": {"head": {"x": -8.91264022584437e-08, "y": -310.8053283691406, "z": 35.21330642700195}, "tail": {"x": 19.745769500732422, "y": -312.8263244628906, "z": 31.291311264038086}, "children": {}}, "T11.R": {"head": {"x": 8.91264022584437e-08, "y": -310.8053283691406, "z": 35.21330642700195}, "tail": {"x": -19.745769500732422, "y": -312.8263244628906, "z": 31.291311264038086}, "children": {}}}}, "T10.L": {"head": {"x": -6.369315030951839e-08, "y": -285.24102783203125, "z": 43.52370071411133}, "tail": {"x": 17.27621078491211, "y": -289.0715026855469, "z": 41.51844787597656}, "children": {}}, "T10.R": {"head": {"x": 6.369315030951839e-08, "y": -285.24102783203125, "z": 43.52370071411133}, "tail": {"x": -17.27621078491211, "y": -289.0715026855469, "z": 41.51844787597656}, "children": {}}}}, "T9.L": {"head": {"x": 0.0, "y": -262.34637451171875, "z": 48.28391647338867}, "tail": {"x": 17.784957885742188, "y": -263.6880798339844,