{"C1": {"head": {"x": 0.0, "y": 3.488779067993164, "z": 0.359576940536499}, "tail": {"x": 0.0, "y": 0.0, "z": 0.0}, "children": {"C2": {"head": {"x": 0.0, "y": 0.0, "z": 0.0}, "tail": {"x": 6.217248937900877e-13, "y": -10.677099227905273, "z": -1.0070443153381348}, "children": {"C3": {"head": {"x": 6.217248937900877e-13, "y": -10.677099227905273, "z": -1.0070443153381348}, "tail": {"x": 5.329070518200751e-13, "y": -24.907207489013672, "z": -1.2207448482513428}, "children": {"C4": {"head": {"x": 5.329070518200751e-13, "y": -24.907207489013672, "z": -1.2207448482513428}, "tail": {"x": 5.329070518200751e-13, "y": -37.15357971191406, "z": -0.6886422634124756}, "children": {"C5": {"head": {"x": 5.329070518200751e-13, "y": -37.15357971191406, "z": -0.6886422634124756}, "tail": {"x": 5.329070518200751e-13, "y": -47.61381149291992, "z": -0.37643909454345703}, "children": {"C6": {"head": {"x": 5.329070518200751e-13, "y": -47.61381149291992, "z": -0.37643909454345703}, "tail": {"x": 1.4210854715202004e-12, "y": -59.342529296875, "z": 0.15350580215454102}, "children": {"C7": {"head": {"x": 1.4210854715202004e-12, "y": -59.342529296875, "z": 0.15350580215454102}, "tail": {"x": 1.7763568394002505e-12, "y": -71.803955078125, "z": 4.630124568939209}, "children": {"T1": {"head": {"x": 1.7763568394002505e-12, "y": -71.803955078125, "z": 4.630124568939209}, "tail": {"x": 1.7763568394002505e-12, "y": -83.7239761352539, "z": 7.984805107116699}, "children": {"T2": {"head": {"x": 1.7763568394002505e-12, "y": -83.7239761352539, "z": 7.984805107116699}, "tail": {"x": 7.105427357601002e-13, "y": -97.38597869873047, "z": 12.6939058303833}, "children": {"T3": {"head": {"x": 7.105427357601002e-13, "y": -97.38597869873047, "z": 12.6939058303833}, "tail": {"x": 7.105427357601002e-13, "y": -116.01571655273438, "z": 20.225311279296875}, "children": {"T4": {"head": {"x": 7.105427357601002e-13, "y": -116.01571655273438, "z": 20.225311279296875}, "tail": {"x": 7.105427357601002e-13, "y": -134.1735382080078, "z": 26.577007293701172}, "children": {"T5": {"head": {"x": 7.105427357601002e-13, "y": -134.1735382080078, "z": 26.577007293701172}, "tail": {"x": 1.4210854715202004e-12, "y": -154.58526611328125, "z": 33.00141143798828}, "children": {"T6": {"head": {"x": 1.4210854715202004e-12, "y": -154.58526611328125, "z": 33.00141143798828}, "tail": {"x": 0.0, "y": -174.6326446533203, "z": 39.93016052246094}, "children": {"T7": {"head": {"x": 0.0, "y": -174.6326446533203, "z": 39.93016052246094}, "tail": {"x": 0.0, "y": -199.78179931640625, "z": 46.903411865234375}, "children": {"T8": {"head": {"x": 0.0, "y": -199.78179931640625, "z": 46.903411865234375}, "tail": {"x": 0.0, "y": -222.0215301513672, "z": 49.99601364135742}, "children": {"T9": {"head": {"x": 0.0, "y": -222.0215301513672, "z": 49.99601364135742}, "tail": {"x": 0.0, "y": -247.84527587890625, "z": 49.46211624145508}, "children": {"T10": {"head": {"x": 0.0, "y": -247.84527587890625, "z": 49.46211624145508}, "tail": {"x": 0.0, "y": -274.4725341796875, "z": 46.32316970825195}, "children": {"T11": {"head": {"x": 0.0, "y": -274.4725341796875, "z": 46.32316970825195}, "tail": {"x": 1.4210854715202004e-12, "y": -298.6371154785156, "z": 39.158016204833984}, "children": {"T12": {"head": {"x": 1.4210854715202004e-12, "y": -298.6371154785156, "z": 39.158016204833984}, "tail": {"x": 1.4210854715202004e-12, "y": -326.64190673828125, "z": 29.959415435791016}, "children": {"L1": {"head": {"x": 1.4210854715202004e-12, "y": -326.64190673828125, "z": 29.959415435791016}, "tail": {"x": 1.4210854715202004e-12, "y": -353.0189514160156, "z": 19.847620010375977}, "children": {"L2": {"head": {"x": 1.4210854715202004e-12, "y": -353.0189514160156, "z": 19.847620010375977}, "tail": {"x": 0.0, "y": -376.9940490722656, "z": 10.918169975280762}, "children": {"L3": {"head": {"x": 0.0, "y": -376.9940490722656, "z": 10.918169975280762}, "tail": {"x": 0.0, "y": -405.39642333984375, "z": 7.158470153808594}, "children": {"L4": {"head": {"x": 0.0, "y": -405.39642333984375, "z": 7.158470153808594}, "tail": {"x": 0.0, "y": -431.07293701171875, "z": 9.548425674438477}, "children": {"L5": {"head": {"x": 0.0, "y": -431.07293701171875, "z": 9.548425674438477}, "tail": {"x": 0.0, "y": -456.91204833984375, "z": 16.40747833251953}, "children": {"Sacrum": {"head": {"x": 0.0, "y": -456.91204833984375, "z": 16.40747833251953}, "tail": {"x": 0.0, "y": -479.0126953125, "z": 22.73352813720703}, "children": {}}}}}}}}}}}}}}}}}}}}}}}}}}}}}}}}}}}}}}}}}}}}}}}}}}}